,Company,Title,Link
0,"Disney Parks,Parks, Experiences and Products",Systems Analyst,http://www.indeed.com/pagead/clk?mo=r&ad=-6NYlbfkN0DAFTyt7pbDCC2JPO79CSdi1dIb81yjczP5qsKcZIxgiRd1qisRd4re16D_VG3-wzUWs9OwoP3tNCTVuS46O15Q2h-vN8d_NCV752FyCbqBZUyJ697FwoOli9JbUVHgWHmiCmue1zBel7plQvyLNq-gFfW-nXeh9EaiJWPxog9jqxti_En_5NjELbGPE5vcnyMYoXjbujZPppHqxcyXOurmyP60D4tMOulNIyZCo9jXLTSPloFuYwqkt3prwr6JhOe5f55OiutcR6XdSJaXBnr3Jni_FbyfqqM_nN8zjPSPzWBUY8Ubf_F2FVf0r4TBFVkaYq3XKfyjUNLycj-KBm0ppTK4_HJSBjzZJjTbY_H0eOG-Y1oZrFuNgFgZPGSfs3HpUE-Ey5cMTKq45lyzgg3ZuMLIPa5ETY8CLiEf2v8s_YJNBSIV71AeOgQw4zGK1ck=&xkcb=SoD7-_M3c8Qfu6yApB0KbzkdCdPP&p=0&fvj=0&vjs=3
1,Metropolitan Transportation Authority,Geographic Information Systems (GIS) Analyst,http://www.indeed.com/pagead/clk?mo=r&ad=-6NYlbfkN0CQjGBvBzxy8B4utFrgaY1ny7GkPzahpSOLjyaRgOrRoQh0MKpZsrLCQwprri4mqLI53aekim7MVMen2ImzMdJ8ypDZLvjxOo09H3duZqu4FqrHB6ENeqYtmNb1CZLPcCTIFr5eYeiohJyA-DtHTUuRT_7sGzGXIETS2NrvJfQ4dxQaduwwq1fN7j5zxFkxHZcLSaVM297uVO_UK0IdeKqJPc9zuO81PppgxlD1JYWd44QrbDOZKyto-3bisikfuQzEBjnsewlA5anZeS-fE8p3X6khjC0AsQIk22cSIgD8PL1JNzF25J7uzP-Z03UqX4fO5zmGVCGxGDcXfd7ULDYl7lhVQMMEvzTokqbKD7rkFubEPo1OTj695XddfF0NIlw71v66quMC2nH5h4RJy4gGl_cJAiEW-dP7ymZY69y5DNCRA4pqx5O3FGbxitgbVWjeBvNUwtfUMxnEFkhKfnYR1qCI8T-II-1UO07OgQNamlLN0Q5bJ51FTsyKnxMuN1hvGVYPa2fd8MbEQuru35T3hlnBBUmGX1oMS4UWAULZnB71mOggX5j5G5oNC0yVIFhEWVBmGQ3CNSmUFC1tmjcBxDNNPp8UJGJDsk0G7zioNn9MEqVe9hn-&xkcb=SoDB-_M3c8Qfu6yApB0MbzkdCdPP&p=1&fvj=0&vjs=3
2,TRESUME,Entry Level Data Analyst,http://www.indeed.com/company/TRESUME/jobs/Entry-Level-Data-Analyst-e96f33277996e094?fccid=8456b57e4d97ccb6&vjs=3
3,Talentheed Inc,Entry Level Data Analyst,http://www.indeed.com/company/Talentheed-Inc/jobs/Entry-Level-Data-Analyst-310b95d200c7e832?fccid=c74998f9af9be394&vjs=3
4,FSA Federal,Data Analyst Supporting the USAO,http://www.indeed.com/pagead/clk?mo=r&ad=-6NYlbfkN0AK9q-cQKnf3DfHR64avwMzIcXVxwit4OIbhS0fZYeNhvY1IRVnFZKIZbSdKeT9HyqMceAIp7GcFxZ2lDoKA-uh5W9WMYo1H7TydPwUkVF64k1Aqq6VXXW_lnbvdQRivV0KnbrvkSJKYH4Y87E49zRNZo-Iy59sJWBIEoITO55na2yDTpql57Qy58STAg5Of1JQlJSGslMJR0ymzfremaWF_WcY9iZdxIlODMM-qDDZmyVMua9ovoFH48U5dE0bEV-nlB4dReaw0EXa4_dJyFx-Obp9fMWVkF8PLOuTI6MyDx3egZ6N3IVKWQgnTBdVE8kjz53huWf84bKrinKVVGHeRu6Yxs8U4zyijnTHcLZfREjDogL7rJXUPU7-v6rDXYaxvArbPEdgoRk_w_39x5YrXOoNlZ2XkaSr9B8MKfA3mbMq2ZozEgP9JJO5LWQS9zeV6FXWeUyNHWAPXgPgjV2YFD5Tt1i5rHfC2Y9hTca3lVDsx_PAtqDWkCQJI6p0fmr0W6ruLE532xeheLD_WvF7g32VwHpOXAfTo_Tu1OBTR_N0cHezLCEnFO7TnYIGWThe8JjWryuTYsAHP6pWexS4k5PNRyNXBWSaRcjtW5klTJqods-zySeTyNJtk3MeT_FoIK1K375YyQPIfQATz5GGAIj8tQK2Gr8=&xkcb=SoD4-_M3c8QfulyApB0KbzkdCdPP&p=4&fvj=0&vjs=3
5,AiCure,Jr Data Analyst,http://www.indeed.com/rc/clk?jk=1a6e5a821c26df9f&fccid=a7ffaac5586ee69a&vjs=3
6,"Yoh, A Day & Zimmermann Company",Entry level Business Analyst/Project Analyst,http://www.indeed.com/pagead/clk?mo=r&ad=-6NYlbfkN0Ae6Qmv8rNb3d5rEsMPL_plhvilYeiJERi7JqghURwQ9bq2mHgMGRGP2iYP1nqVQ_ATPQR10IvXeqxwG6DJGr52lz6o6Eik0qzYHhfCEpj8gU7c4MQeiZuaprizSa514wU7zPpcjx0yu71XKuCMOuXPk4qTcPSXGTWkVEd4a6fYl0VTJ6Psx6as7RGPGfjjxFEZnf2KMi7jas422XMAcTNlRey4P8-b31rPAVZhCppFDJa_LsW32mzUps14Q90Gr2QbeahoAXNAOPodnXkRsN9av6aHuaCFBwiX6dJsQLx_iVZ4pA7lIzM9dYFynk_B1SoD9K3xxcAyacbYx_nZHlapQUEXshzDYX6kXF4cXMafgoROkNFQmK-2Q1tgYT6DhV16OUrlG71Oc8yM-i1x3s4JQhxOiMsoIvJiMpUK08iDmr2ItZE0MSy2gXnAxAwSOWwM3Nj_qEZnr6xZnqhEFdX5&xkcb=SoBf-_M3c8QfukSApB0IbzkdCdPP&p=6&fvj=0&vjs=3
7,CyberCoders,"REMOTE QA Analyst - $90k (FinTech, Test Plans, Manual Testin...",http://www.indeed.com/pagead/clk?mo=r&ad=-6NYlbfkN0CpFJQzrgRR8WqXWK1qKKEqALWJw739KlKqr2H-MSI4eoBlI4EFrmor2FYZMP3muM3Wp3RyH9ty9Q7hCSN6OzszeRPlCOi9Zf-XlkE48NEBQ4gzfveWp7VnN9vU0OydcYNTR85kFUTEHWy0f1Lawsk1GdRxT4tHrPj89aPVB4IvoCiyVhv-VbFgbG0XpRd4pKR9I2BoBMuCfA2Tj_kbriwL-2Q74aGOQnUNDGRG6kDeBJCVEsproTRCuei1oteShTdTqxnOJZTHF1zZAATPD7bRZqufzZ7rcNAqcyFi12OCSk1r2pxDA8uJy99l1C6iVNAE0f-sxhfnl24aHWyymQRVBxFn1o0jzmiS94XvtNCEgRnZDm2vlZgjEmL7OIb6RqqkPkD7rtwZRNQXJgZ0tpwSPJwfF5CLAL7UC4xw-inNz_VH-74kuupMHB7LQMdoBb-dHzmd8aFgBcCJKxd_ijPd-E_X3BY7diC8qysFXfcGUkSM9mWQVUnmMilENp1nKAqqWm9cIo7BKHGcGG1sQzPCi9YwHJKICkzk8yqsBjEcQl0eO759QCr4_PC70qVjJkNp86QnI8zgV0jHRpNkfQ1lnPDCdvr9eR8lbDbrheel_j1LjpfLcVwHZbS8m-uWoQsheGLBXPf9c7uMbpdjjwSUwQOM8JfSy3kiG_fddKMqy9SIF8Ackm9JsK6hPYtDysWCr5iTQUxCDHQ6bD2Myjck7yy4FhNxWIQ04-WtujsuZJDIIGVvHtOjev_XgTyv5ZyAJQhUe77dcGrsIqQf5MHzjOfYMTP8IwHdiObEpV0eH7ihxlRgWn-DMP1kLB-TzKCuJQk_5py44ddZIxgekDmWaKLTdv_dVc6YF6_HbGoP5K6lRnEENAD5tkco4VX_GWiFLq3lDOpDHn6iOGB1BF2gwd77Ir_PYlZ5baQpPoenZtBLjZgEfBFniBkUxHCSjsHeyQaPj5JZLpVOj1VftJ1fkvSW8HOz86CnrFg2yQbMwnzJweI3drMWx9cZInkOJdoimcBYHQHeLl54LrUwGwmX&xkcb=SoAz-_M3c8QfukyApB0KbzkdCdPP&p=7&fvj=0&vjs=3
8,Anheuser-Busch,Business Analyst,http://www.indeed.com/rc/clk?jk=85e29371d4dee51f&fccid=c4bc23324dcf8d3c&vjs=3
9,Next Generation Inc.,Tech Business Analyst,http://www.indeed.com/company/Next-Generation-Inc./jobs/Tech-Business-Analyst-3ba23285b04076ae?fccid=815faa1b5b252f05&vjs=3
10,"Roland Foods, LLC",Junior Business Analyst,http://www.indeed.com/rc/clk?jk=196314998cfc6f22&fccid=5c91060517eacb7e&vjs=3
11,Net at Work,"Business Analyst (Entry Level) Rotation Program - New York,...",http://www.indeed.com/rc/clk?jk=655855444c877e19&fccid=a6cac95cb99b86ce&vjs=3
12,TRESUME,Junior Business Analyst,http://www.indeed.com/company/TRESUME/jobs/Junior-Business-Analyst-eee78c9ed5493110?fccid=8456b57e4d97ccb6&vjs=3
13,Federal Reserve Bank of New York,Regulatory Data Analyst,http://www.indeed.com/rc/clk?jk=d788f9c5582d7c04&fccid=2c6850e24c8a2811&vjs=3
14,"Collinwood Technology Partners, LLC",Help Desk Analyst,http://www.indeed.com/pagead/clk?mo=r&ad=-6NYlbfkN0Bch2DQBo8zF7EdxzSNX8_SeXdRX3ylaOzDo2YMlUTXFxonpmP7InOhihBn9frzIkhB8jD0MNqlrat3nnNMLN7bdfUsmE2HmtbDxbv6pDbezqEzQIhYCBnxzDbjEmsQU5J8u3lqUhXnaWfp1ZW-_byItkhFiACZNL1nWCDudYNTj6KNIROSlLFw3eJX48PWd5ZQtEmsposHBuQe4kXjA6HbrJb_bvqlZOMckZOc9VwSRdJfUaMsm-1DsT-KGzrKgcYrBTbK7IEEtJaO5sKmpF4GL_t0lzPiAluToYPWwZEtJpvECOVernQz9amfP6tsE-FkmR9fcjpiyNjXUVQNJVMdeA8xuk7pWpkSFY7WS7uhySFpVFR8bbs0qKIjDBbbx76UBrTOR4Jbc2jsfPG7r5mfwFJIuzmhW7FRTJJnM5zuT9R_bj73CrtNCHIfmkz00OmYHbiqXcuhcUueFSq_Jf9aZWRsLelPYbiVGffdBiyZlRxgFKgqlFwT&xkcb=SoBQ-_M3c8QfumyApB0LbzkdCdPP&p=14&fvj=1&vjs=3
15,"Disney Parks,Parks, Experiences and Products",Systems Analyst,http://www.indeed.com/pagead/clk?mo=r&ad=-6NYlbfkN0DAFTyt7pbDCC2JPO79CSdi1dIb81yjczP5qsKcZIxgiRd1qisRd4re16D_VG3-wzUWs9OwoP3tNCTVuS46O15Q2h-vN8d_NCV752FyCbqBZUyJ697FwoOli9JbUVHgWHmiCmue1zBel7plQvyLNq-gFfW-nXeh9EbuRAjC9dNuB7ClAh4f1kSuFKUK1CKJ6kWFkgxXExCDhby2VDalgUOScn3zf4jd9e8kfux2IjQ61VJr96FhB0udTBOi7x7IFC-kU_IeHafgtOghFg0xTl-we1RTqn7jtizzh8v97D3VmugYG24gMG9EVKqGOT67Aw55Wube2u5e5E7T51RKdoOYtZF5QDt3unIRyEiM5A54anT1BiT5D6mYlIKwVrvPjZawhBlDG8lhdL1lnRGhUpnqVcjkcOW42aKW10p1vuSfYnttNNjng3qdu0kF9tpKkkI=&xkcb=SoDF-_M3c8QfoyQBm50KbzkdCdPP&p=0&fvj=0&vjs=3
16,Metropolitan Transportation Authority,Geographic Information Systems (GIS) Analyst,http://www.indeed.com/pagead/clk?mo=r&ad=-6NYlbfkN0CQjGBvBzxy8B4utFrgaY1ny7GkPzahpSOLjyaRgOrRoQh0MKpZsrLCQwprri4mqLI53aekim7MVMen2ImzMdJ8ypDZLvjxOo09H3duZqu4FqrHB6ENeqYtmNb1CZLPcCTIFr5eYeiohJyA-DtHTUuRT_7sGzGXIERcXSMqOBqqq41Ls_mT0WPq9NMdGida17knfV7O4hCcy3QTiRhyZ1UfdgqgCMmXSGlQ9P4WteLIG-A6jjvJtCcZe5M3nPHJEax0wYSKuGMm4DV4wNLdmfSXH7-4fmCcZPIFzkhB4EAiyNuFe94QhncnjNMO7hUemibNp5K0f7VCurGjkUmEzcKP0gMWG8_fJxggXp6UCfJ73D7P6rAfQ2DGPVY_yRlYmddV4riaze5LDsnC5hp5LcqImNE0McCpbDPvTd1W0YnMhskvv5E_RkGdCUyzBlfm-PyzGdL6p3J0mjW9rUs60XQTFKK0QpPylXoLm1WnMziEo3fSjXGQ4ys2I0FjR_jZwe5nJ6T8N9YJBLGh_Ge2kM2oZFTJ4V1Apz_HSNOtUMIgxDsmb6MOA9vweMZm0gbDpgJp8CY3GcSscoiRJOzVOcScSp36MsuMIS5sAtIITPfuRVW09B6x6TWj&xkcb=SoCp-_M3c8QfoywBm50IbzkdCdPP&p=1&fvj=0&vjs=3
17,FSA Federal,Data Analyst Supporting the USAO,http://www.indeed.com/pagead/clk?mo=r&ad=-6NYlbfkN0AK9q-cQKnf3DfHR64avwMzIcXVxwit4OIbhS0fZYeNhvY1IRVnFZKIZbSdKeT9HyqMceAIp7GcFxZ2lDoKA-uh5W9WMYo1H7TydPwUkVF64k1Aqq6VXXW_lnbvdQRivV0KnbrvkSJKYH4Y87E49zRNZo-Iy59sJWBIEoITO55na4pgbkOmSWYBBhM5Lx6tn7HNxSSnVsGiO2Hnw-t2QA_5bLbeTmxBT3seQhmW9YsDSB1CYXDdn8zCBD-7xPlpBS4HQFxkfR6JQh9PMUFTuwukJKzOlf42wfFCIU7YYYfjAnarOPYnQyB3WaKHKTrMiDNkWAi8C7Ar7I6MyJ-r3MGOGH5qjJHhm7V-aUD4DKF3DXQxvMt_4Omru56B8OMptzj5ZrfqNwlUJfDMFjbD3S7OhQdYOL9p9PbpK1i5DYt8KrPUtxeOOgQMh1-eQNl9duJe5-IjdNyoRkLUiwD6SwgKwUTDa7VYYCdNQ1tS4NzQl_4VkgOpQ_gqEhs8hNajYSIWzkHt79ij0Xi4I9rny8sPpdndrz1_axMT9riWx0mBGmVGTbOSWfnWCuP4g7t_w8QdxVoRxZC-WxeRXVm8cAb6L8Q2X2Z-joWJMffxmAS-HdQsVnzBVFyeH8P5Vb8CeSB05iZP37kwHBcL9DmvOFa78d7AU4IcbqA=&xkcb=SoCp-_M3c8Qfo9QBm50KbzkdCdPP&p=2&fvj=0&vjs=3
18,"Yoh, A Day & Zimmermann Company",Entry level Business Analyst/Project Analyst,http://www.indeed.com/pagead/clk?mo=r&ad=-6NYlbfkN0Ae6Qmv8rNb3d5rEsMPL_plhvilYeiJERi7JqghURwQ9bq2mHgMGRGP2iYP1nqVQ_ATPQR10IvXeqxwG6DJGr52lz6o6Eik0qzYHhfCEpj8gU7c4MQeiZuaprizSa514wU7zPpcjx0yu71XKuCMOuXPk4qTcPSXGTWkVEd4a6fYl5P_UpFz5JsrF-XkukKLWFb2YX-3uaZXIjCRtYTz_1qMMJhBWpJfVmbpEbGqtO2I8TY3hSEjVIO_UIgunWqQU9IxTmFiPiohHSXZhMCcc7QecoUjMWfEXSP5APXNMEsEHK5ctAmj7BV8YOkpZNwzpejQutSy75OAeGDkU3BN6MmeBIXi8y_W8R8xd_M7FU2yKeLHHTpHvonnl9OOcGhT7fgf4mNtjualVmR1pKqS9GxO1QkDLXRQpa67nO3fMvDjLB-y7oMPFGP7BftbSlJnLCatlg4CYiDFy3Nn2w968ksu&xkcb=SoCA-_M3c8Qfo9QBm50IbzkdCdPP&p=3&fvj=0&vjs=3
19,CyberCoders,"REMOTE QA Analyst - $90k (FinTech, Test Plans, Manual Testin...",http://www.indeed.com/pagead/clk?mo=r&ad=-6NYlbfkN0CpFJQzrgRR8WqXWK1qKKEqALWJw739KlKqr2H-MSI4eoBlI4EFrmor2FYZMP3muM3Wp3RyH9ty9Q7hCSN6OzszeRPlCOi9Zf-XlkE48NEBQ4gzfveWp7VnN9vU0OydcYNTR85kFUTEHWy0f1Lawsk1GdRxT4tHrPj89aPVB4IvoCiyVhv-VbFgH4IBrXt8b0xvJ4ckAPCY5bxoV517Giw2oMM2SuyFLu8OEXRalH44XIdIcq46xYkAPEpphH7A6LmRGU5hoPomBV12P5GuDmEsr8bJI257xwMxfUJInfnSHZCokabHjf96lLLPnO1DzCKZEFC-KmpVdZJKsakae-rTc2L63K93TLumJZ5ZNfoTlK6hSkoR-lfg5zTwjuR0zMS6_iB3Exd_-Ut0pV7VGhXnyPusP41d1j8Bn_jkLneZzEeTgfMhxbV4B_9aK5UmQDG80VWnN-CU8edvmjO1KAckur4Hq0sdZOv4jd3BwWN-Yku6x4VFYhor_4WYHL2cIMZXfm_peffA0lvTnArsMtyB5t29uGXUyFCJfL9ODwc02r_2HJRQjzH9cU1ymc_7vsd3Ph95bgYKzg3bTJDeVV3jfAnkkLL7qUDJk5XqHPJB6cY1UqbtWYT8TAn_dVgiLzuVCd56yeBGFZ63YjW9ka5sJhYfOi5v9P6tVBz73yfjHnXpeabh32AAbiHpYtHu3LEEZjD7ecHoZenH4i4qh2Xwx-PXRV-hnH1rOzlg0m4Q7gmlUczYO1q1cSW8oCaX4EPXEkHhRfiayeG0pG_yGmRhAhpDiDcrSbZl7m8yGL0jxPnNIM6_Ic7VOD69VFCmB0DCvSWaqAA-XOEuePOvEZvwkI6FA_mD6tJFqoDqCV7awsB4aiWkc8oTWMemt1BcenL5B76InaVlqsrtA1KIaVfLZ3bxXy3EW699FNfxC2MT3TO0Q4p0mI-GJTdHATDDXZogWoAqMuMISKEHfeA16qRSssqp5U76LSIjHjax9b292vHYV3Y5OwAHALOvVLLj-aHKm-PFf19ZdK07dl3KnTi4&xkcb=SoDs-_M3c8Qfo9wBm50KbzkdCdPP&p=4&fvj=0&vjs=3
20,"Collinwood Technology Partners, LLC",Help Desk Analyst,http://www.indeed.com/pagead/clk?mo=r&ad=-6NYlbfkN0Bch2DQBo8zF7EdxzSNX8_SeXdRX3ylaOzDo2YMlUTXFxonpmP7InOhihBn9frzIkhB8jD0MNqlrat3nnNMLN7bdfUsmE2HmtbDxbv6pDbezqEzQIhYCBnxzDbjEmsQU5J8u3lqUhXnaWfp1ZW-_byItkhFiACZNL1nWCDudYNTj6KNIROSlLFwjQYkoI71vgcz8_nb-QB4724BBE_MF7MNvBYnXrjj4DKTkJm1qcUwcqv_vKypGRkKvoFYPVQTCu2FiM0NZuOzX96PeBc56PFfy0sbenkwLjMyvSlRYfKDgT1x_VcajtoFYsaz9QM_f_Y4tLw4zENkiAPjyIwR6ztUbguSRUz8yvmv9bNyx4QAfsIk3CbOuVGibItHVLIIsJqneAZ2E6HBZ994BuPHaq9khUZalipbYn062fZh2HH9jFCDcSP6bSKhSPMV7Jph6Aog8AG-qw8GEs31xdW7yrq84XVuR5uEbUO9ZC9oCgWulpOc2a8eJm0N&xkcb=SoDF-_M3c8Qfo9wBm50IbzkdCdPP&p=5&fvj=1&vjs=3
21,TRESUME,Entry Level Data Analyst,http://www.indeed.com/company/TRESUME/jobs/Entry-Level-Data-Analyst-e96f33277996e094?fccid=8456b57e4d97ccb6&vjs=3
22,Talentheed Inc,Entry Level Data Analyst,http://www.indeed.com/company/Talentheed-Inc/jobs/Entry-Level-Data-Analyst-310b95d200c7e832?fccid=c74998f9af9be394&vjs=3
23,AiCure,Jr Data Analyst,http://www.indeed.com/rc/clk?jk=1a6e5a821c26df9f&fccid=a7ffaac5586ee69a&vjs=3
24,Healthcare IT Leaders,Business Analyst,http://www.indeed.com/pagead/clk?mo=r&ad=-6NYlbfkN0AxMHKBF5Y-bl6l30lcz2U_OxzWvCUk4psSrFxNJkM7lzwSszelrjPbUuznfZIP-uh22oLWwApbfOhB59l5lkXjEymen-kjPYpvwbapdNeEcOF7QNF_DKVOB6bprwnlyAJPMjJVvSdwfCuAlnb2ljV2bdjkQYWzOMVoS3yQ-rsf2bLLFAS5iTHtQWLVsi3ti4UUfAvtXvuaH7hUNLMyDZZCUKNbyMSjUrbUJvg8U0dFlgP9JyuAjU8amqT8xJ3h_Xr_jkE5EFk7VAEVpCAcKwEDYpdmSLr5mwOY235B90poHsLn1jbctRToPRBWehyX5Zds_HX1ea5_PUr6QcKSx6s0pkeyy5s0Bh8FzET8A3bUQ9h2ZjvlDLOF3MD0wHuwKXBQZhz3djQqbC1HCNhbAxZ7bbLfFo2C63dyuf81bSijssfEsApGvh3P9n_bJHfQkaHnsR56rfo_0P05B99dDloE1wuFviSRb4LKYzT1HlHu0wmXfsJQKVuBmcio9JkhxkXXkB0NuQrgWYBn15gZNa3GqZsf9s9awulfx_C4iWB-4ityBW5hkoGNsnBe6OERrdHEpegRN2PIpHNq5cQ0N17QWrtG_gw5dtpr_vGw35nG9JBfA8dt3fd6xkPg-tJvzzLYeinY6iwzt5Rg9cSOGZUkQ9nUJGKKdbffwrIWl1-5vg==&xkcb=SoCT-_M3c8Qfo8wBm50LbzkdCdPP&p=9&fvj=0&vjs=3
25,Coppertree staffing,MSP Helpdesk Analyst,http://www.indeed.com/pagead/clk?mo=r&ad=-6NYlbfkN0ASYBxbFFOjHi0wHvJLK_P9STyT-4lmCUB39Z1RK3NsCP1TD8viIXPDN0QnGZdTHq472iKCXJMmuMaCC-_T6cJht-X-wPsYwjNtY0nBQxtLubf5IyI3TnIq4ZJeTBSV60gDzxAHhLRW6xrBnjA-6JwMU8Pi_ew7vPRqNmSvLatPqctCulyuwsMPi5lADvqmi-CrjoIPczH4_GwUf5y5Ry2g3wjR1go76YJc9gGhdOflhRVcRXrhC0lEyyDSfod3G8DhKVITpjmUjbg4zxx5N1Y4-KGg2sEZXEvn2zXMhi3Ll5f0m8OxmZoD-Fe1RtPD78vbm8BbKP22-ZvMqQmIyiUbTf-KQofWhdJjieHt850_51PBW7okdiS-gEit-3i_-3eVXdOuaGGQ67ucTXKYjnyJlB8JX4KnXq3umyz98hBzpGTyqIUJsKR4qvUPswH0nLrlfItUW9a_qHa9uMKkEGMWwH2tL8QlrEpxMSoO76hOeveFZT-eJydv&xkcb=SoC6-_M3c8Qfo8wBm50JbzkdCdPP&p=10&fvj=1&vjs=3
26,Anheuser-Busch,Business Analyst,http://www.indeed.com/rc/clk?jk=85e29371d4dee51f&fccid=c4bc23324dcf8d3c&vjs=3
27,"Roland Foods, LLC",Junior Business Analyst,http://www.indeed.com/rc/clk?jk=196314998cfc6f22&fccid=5c91060517eacb7e&vjs=3
28,Net at Work,"Business Analyst (Entry Level) Rotation Program - New York,...",http://www.indeed.com/rc/clk?jk=655855444c877e19&fccid=a6cac95cb99b86ce&vjs=3
29,Next Generation Inc.,Tech Business Analyst,http://www.indeed.com/company/Next-Generation-Inc./jobs/Tech-Business-Analyst-3ba23285b04076ae?fccid=815faa1b5b252f05&vjs=3
30,"Disney Parks,Parks, Experiences and Products",Systems Analyst,http://www.indeed.com/pagead/clk?mo=r&ad=-6NYlbfkN0DAFTyt7pbDCC2JPO79CSdi1dIb81yjczP5qsKcZIxgiRd1qisRd4re16D_VG3-wzUWs9OwoP3tNCTVuS46O15Q2h-vN8d_NCV752FyCbqBZUyJ697FwoOli9JbUVHgWHmiCmue1zBel7plQvyLNq-gFfW-nXeh9EaGT-A7DfIG18w2ytBHpzl_KqbcMss_BwXdizIKbNp3sUqdC6Y0aqGjhqwq0XOstDRlrJJXqczSVAFN33nMIGwTaozt_0lHYG79nFi5GqsYyF0djzzY0Fr1eIRvWtzXEoxBzNdoMhW0EiK5EIwW2TetRRXAeHtHZ0xl7KqJqWWJEgeB0tQeVUI8xU4HOqS6ST8QZSi4TdguBNJn9iyEztJ055xZgp9HygkiesRJHp02_Vsg0IIDUwr7_cjx6LFu08uXk3Nt1R2cXV1_oL87o_3RnWB1H1k9ebw=&xkcb=SoDp-_M3c8QfUWxiJp0LbzkdCdPP&p=0&fvj=0&vjs=3
31,TRESUME,Entry Level Data Analyst,http://www.indeed.com/company/TRESUME/jobs/Entry-Level-Data-Analyst-e96f33277996e094?fccid=8456b57e4d97ccb6&vjs=3
32,Metropolitan Transportation Authority,Geographic Information Systems (GIS) Analyst,http://www.indeed.com/pagead/clk?mo=r&ad=-6NYlbfkN0CQjGBvBzxy8B4utFrgaY1ny7GkPzahpSOLjyaRgOrRoQh0MKpZsrLCQwprri4mqLI53aekim7MVMen2ImzMdJ8ypDZLvjxOo09H3duZqu4FqrHB6ENeqYtmNb1CZLPcCTIFr5eYeiohJyA-DtHTUuRT_7sGzGXIESJW0O5Gj71RZ5ibqcv3CVxblkFOXDScBQ2MIt4sLdfQzVGHjNL2InkTAr8LhWHtQ0USRptzgJQ8gm-h5e7m2GiDCWmkE-4HB8JUzr8AxP_eRtW3dYCJreXa6Ee0cl0SvdwHNdgoBkodIqWv1-uXfL7rNRvrXJvA5g7VohPbh1l2RviyRPDspTyRFGdvdadgW90HQDm6NWO3QIeya1mue2ZB1Lij9UamPWtTxIov1Au09wgnccTqPXtTcJBmvDzv7bnvirTW6s0gn_rR3TxTH5eBmR7u7uS5Lvq0rDiBpXhIOJ4mHt1j0mPyS7uIL55u-Yb6u4A98H1Y6CHCmXYCBJJkJnu3RgIhimmPt31I8mRBGgxC0Hf28Gmr0xxqjvAJ_8WDU6hhon5bj6Ix6jv6Q-jagEicxcYK37L92TOC5mNbAD-PVilw6yQp6xBGm5z9Bsg9b2CzVqpf61LhatU7srf&xkcb=SoBf-_M3c8QfURRiJp0LbzkdCdPP&p=2&fvj=0&vjs=3
33,Talentheed Inc,Entry Level Data Analyst,http://www.indeed.com/company/Talentheed-Inc/jobs/Entry-Level-Data-Analyst-310b95d200c7e832?fccid=c74998f9af9be394&vjs=3
34,AiCure,Jr Data Analyst,http://www.indeed.com/rc/clk?jk=1a6e5a821c26df9f&fccid=a7ffaac5586ee69a&vjs=3
35,Anheuser-Busch,Business Analyst,http://www.indeed.com/rc/clk?jk=85e29371d4dee51f&fccid=c4bc23324dcf8d3c&vjs=3
36,Next Generation Inc.,Tech Business Analyst,http://www.indeed.com/company/Next-Generation-Inc./jobs/Tech-Business-Analyst-3ba23285b04076ae?fccid=815faa1b5b252f05&vjs=3
37,"Roland Foods, LLC",Junior Business Analyst,http://www.indeed.com/rc/clk?jk=196314998cfc6f22&fccid=5c91060517eacb7e&vjs=3
38,Net at Work,"Business Analyst (Entry Level) Rotation Program - New York,...",http://www.indeed.com/rc/clk?jk=655855444c877e19&fccid=a6cac95cb99b86ce&vjs=3
39,Federal Reserve Bank of New York,Regulatory Data Analyst,http://www.indeed.com/rc/clk?jk=d788f9c5582d7c04&fccid=2c6850e24c8a2811&vjs=3
40,Vastek Inc.,Business Analyst,http://www.indeed.com/company/Vastek-Inc./jobs/Business-Analyst-9d1a6ac27f8197b6?fccid=f6c6a9227c172a4a&vjs=3
41,TRESUME,Junior Business Analyst,http://www.indeed.com/company/TRESUME/jobs/Junior-Business-Analyst-eee78c9ed5493110?fccid=8456b57e4d97ccb6&vjs=3
42,DIRECTV,Data Analyst,http://www.indeed.com/rc/clk?jk=9d6456cba948d01e&fccid=4163ab3516afff56&vjs=3
43,Align,Entry Level - IT Systems Analyst,http://www.indeed.com/rc/clk?jk=9f52635c16ba79f6&fccid=29305cbc09ac0580&vjs=3
44,Mobot,QA Analyst,http://www.indeed.com/rc/clk?jk=7c2477ad77f30023&fccid=bc275b459b08d082&vjs=3
